,OA,AA,KAPPA,F1 MACRO,P MACRO,ENTROPY,LOGp,Pmax,Ptrue,AUC MACRO,F1 bin,P bin
test,0.012223544644922004,0.010383148513969294,0.022642958855748466,0.011063266194617205,0.021355429149852286,0.037767869587926835,0.016158093536031762,0.02029575108607089,0.010810040210040282,0.02782253678981242,0.012097457068636073,0.0075936116836111695
train,0.014723865996761183,0.005120094205572441,0.020320720142391436,0.012675201591173841,0.007056137633274594,0.043223966088420586,0.04124818117005253,0.013925035543430952,0.0193032381301826,0.006501541414882669,,
