,OA,AA,KAPPA,F1 MACRO,P MACRO,ENTROPY,LOGp,Pmax,Ptrue,AUC MACRO,F1 bin,P bin
test,0.6975501113585746,0.6303125588908333,0.28421346375829337,0.6336698637575953,0.674959492521463,0.6918315788037002,-0.6114306557556768,0.7842561252706013,0.6351765495599109,0.6678810068649885,0.7862800532063016,0.71779121200403
train,0.7865807429871114,0.8500464009475183,0.5113374254536533,0.7443020102453478,0.7337783062523939,0.5105085135228961,-0.44135156985093865,0.8502761002653525,0.742276169405307,0.8924691442726426,,
