,F1 NONE,R NONE,P NONE,N TRUE,N PRED
label-0,0.02011898431353426,0.03474610610777125,0.04177577616297014,0.0,27.644569488820444
label-1,0.012097457068636073,0.030935019400847516,0.0075936116836111695,0.0,27.644569488820434
