,F1 NONE,R NONE,P NONE,N TRUE,N PRED
label-0,0.48105967430888885,0.39071207430340554,0.6321277730388962,323.0,201.0
label-1,0.7862800532063016,0.8699130434782608,0.71779121200403,575.0,697.0
