,F1 NONE,R NONE,P NONE,N TRUE,N PRED
label-0,0.010989339110672859,0.02473392777252196,0.02361763577204828,0.0,476.4438173710633
label-1,0.01258915032916617,0.026415049655806055,0.010781200911997938,0.0,476.4438173710633
