,OA,AA,KAPPA,F1 MACRO,P MACRO,ENTROPY,LOGp,Pmax,Ptrue,AUC MACRO,F1 bin,P bin
test,0.012406739124943871,0.009008043278397309,0.021155291972730975,0.01122830082197798,0.010276220917089046,0.025278231008018633,0.017784177232320814,0.010095135681424009,0.011652311661360852,0.008033111383672518,0.01258915032916617,0.010781200911997938
train,0.013230245707060408,0.009815471267880375,0.022925420183604363,0.012177964018700435,0.010881386632506396,0.025926874381391688,0.021496337546098795,0.010465072691582103,0.013233487456969959,0.009697400813299636,,
