,OA,AA,KAPPA,F1 MACRO,P MACRO,ENTROPY,LOGp,Pmax,Ptrue,AUC MACRO,F1 bin,P bin
test,0.8047950819672132,0.811926288925787,0.589285215504819,0.7930255624699578,0.7875205642472497,0.5270833781981118,-0.39525916660827115,0.8293689273597336,0.7515759409033393,0.8965698432144833,0.8421501514078292,0.902831527135087
train,0.8109725958489162,0.8212890045319161,0.6027283376335882,0.7995211846764623,0.7937184494293343,0.5294402326031871,-0.3825683091036361,0.8286233849663626,0.7553153680813405,0.9041455735241257,,
