,F1 NONE,R NONE,P NONE,N TRUE,N PRED
label-0,0.7439009735320865,0.8341628959276018,0.6722096013594125,6630.0,8241.4
label-1,0.8421501514078292,0.789689681923972,0.902831527135087,12890.0,11278.6
