,F1 NONE,R NONE,P NONE,N TRUE,N PRED
label-0,0.021018680683098097,0.03571638168140689,0.014139682027822861,0.0,283.2765433282467
label-1,0.009499574380207246,0.010022444518484086,0.017887011756528362,0.0,283.27654332824676
