,OA,AA,KAPPA,F1 MACRO,P MACRO,ENTROPY,LOGp,Pmax,Ptrue,AUC MACRO,F1 bin,P bin
test,0.013089341520472945,0.017948288227635636,0.030483451863811663,0.015050041543480693,0.014537204989161912,0.032733454433500425,0.02342102242275479,0.012643231395587163,0.014830703824203208,0.015287666112203424,0.009499574380207246,0.017887011756528362
train,0.014176074483538203,0.01949241298797931,0.03297976284307506,0.016291003054542456,0.01575909437060361,0.03319422953645592,0.025850500306776256,0.013026472699655069,0.016074051077429465,0.01679270347865092,,
