,OA,AA,KAPPA,F1 MACRO,P MACRO,ENTROPY,LOGp,Pmax,Ptrue,AUC MACRO,F1 bin,P bin
test,0.8051946721311476,0.8051602198437411,0.5840925392868446,0.7911563114737888,0.784836333931175,0.5398211914137996,-0.39944353288798684,0.8244841225856046,0.7479786069414088,0.891336641871644,0.8452263282748564,0.8896056936343871
train,0.8097390809876867,0.8113428116419218,0.5931846576920212,0.7955907551769709,0.7887820931761229,0.5436016035089126,-0.3888459224846327,0.8232069644614965,0.7504544391988663,0.8972257244885327,,
