,F1 NONE,R NONE,P NONE,N TRUE,N PRED
label-0,0.7370862946727212,0.805052790346908,0.6800669742279629,6630.0,7847.6
label-1,0.8452263282748564,0.8052676493405742,0.8896056936343871,12890.0,11672.4
