,F1 NONE,R NONE,P NONE,N TRUE,N PRED
label-0,0.04320395219530766,0.07660142151277469,0.01588657853863925,0.0,19.40246261574946
label-1,0.023656228421014367,0.03988879363629327,0.0548893777779703,0.0,19.40246261574946
