,OA,AA,KAPPA,F1 MACRO,P MACRO,ENTROPY,LOGp,Pmax,Ptrue,AUC MACRO,F1 bin,P bin
test,0.03707706410700981,0.020100536932748124,0.05640540542890957,0.03320222361440664,0.02094083307395178,0.025575924222706412,0.02992250920890934,0.01943762256984865,0.019182074461140692,0.008577514557420143,0.023656228421014367,0.0548893777779703
train,0.0038673461362004557,0.0037161398389627853,0.006760031181952756,0.0035042781472019416,0.004639252631040456,0.029638047577647236,0.011020605611420762,0.019847464000215923,0.011845034834508439,0.005952534772929954,,
