,F1 NONE,R NONE,P NONE,N TRUE,N PRED
label-0,0.8136869372780694,0.747,0.8999334635640048,200.0,166.3
label-1,0.7268569535180134,0.840566037735849,0.6445455805975701,106.0,139.7
