,OA,AA,KAPPA,F1 MACRO,P MACRO,ENTROPY,LOGp,Pmax,Ptrue,AUC MACRO,F1 bin,P bin
test,0.7794117647058824,0.7937830188679246,0.5486962709934055,0.7702719453980414,0.7722395220807874,0.8630215703750418,-0.5084273876700011,0.6755408335261438,0.6276025164281045,0.8745330188679246,0.7268569535180134,0.6445455805975701
train,0.7410852713178294,0.7380912730106401,0.4765838668258492,0.7379881058799995,0.739648926538025,0.8012984494339852,-0.5277179995991749,0.7102952580286821,0.6346590763738063,0.8140050834002948,,
