,F1 NONE,R NONE,P NONE,N TRUE,N PRED
label-0,0.23719977159644762,0.18854489164086688,0.40324077277171605,323.0,106.8
label-1,0.7679880599047308,0.9201739130434783,0.6686879775274116,575.0,791.2
