,OA,AA,KAPPA,F1 MACRO,P MACRO,ENTROPY,LOGp,Pmax,Ptrue,AUC MACRO,F1 bin,P bin
test,0.08391147542888419,0.08028585275946828,0.17892260248867697,0.12423303623696098,0.20676046485164834,0.1425446519691975,0.05301108515366307,0.10971133178042099,0.06301749491259465,0.16730862971620136,0.09081427449980495,0.046775595570510115
train,0.32069182238373006,0.1985247064612975,0.3021557093572916,0.30868415518289377,0.2684349560548253,0.25869512325060207,0.19210295368090866,0.16878192773354633,0.1595933758789577,0.06821357158753592,,
