,OA,AA,KAPPA,F1 MACRO,P MACRO,ENTROPY,LOGp,Pmax,Ptrue,AUC MACRO,F1 bin,P bin
test,0.6570155902004454,0.5543594023421725,0.12571969591013574,0.5025939157505892,0.5359643751495639,0.8532541142651284,-0.6326192609115109,0.6602131882973274,0.5757340754702673,0.5885806972674653,0.7679880599047308,0.6686879775274116
train,0.577710386656558,0.7059452793806467,0.32083499636161766,0.5260801274181536,0.5879260188911071,0.7441278725699796,-0.5773822053491078,0.7095426578150115,0.6243394966000758,0.8872933623173752,,
