,F1 NONE,R NONE,P NONE,N TRUE,N PRED
label-0,0.2320690139425504,0.19743407313757547,0.3757764199608761,0.0,144.8913769384193
label-1,0.09081427449980495,0.16743580561609406,0.046775595570510115,0.0,144.8913769384193
