,F1 NONE,R NONE,P NONE,N TRUE,N PRED
label-0,0.4119044504869908,0.3640866873065015,0.5548075235200038,323.0,240.3
label-1,0.727395949456872,0.786608695652174,0.6849462854303983,575.0,657.7
