,OA,AA,KAPPA,F1 MACRO,P MACRO,ENTROPY,LOGp,Pmax,Ptrue,AUC MACRO,F1 bin,P bin
test,0.6346325167037862,0.5753476914793377,0.16571661723888892,0.5696501999719314,0.619876904475201,0.7675335930906639,-0.6909937715035379,0.7323127463563475,0.5825330376900891,0.6317140934176874,0.727395949456872,0.6849462854303983
train,0.8492039423805913,0.8978749449327277,0.6272890883182056,0.8087788568222412,0.7822498969008158,0.3886822614312821,-0.32053543265040974,0.8961090405996968,0.8153390031207733,0.9384015686047938,,
