,F1 NONE,R NONE,P NONE,N TRUE,N PRED
label-0,0.11761283606767624,0.1214965944621322,0.1806070983239912,0.0,116.0469732479051
label-1,0.09045884012107214,0.16128876052661487,0.047325635844635616,0.0,116.0469732479051
