,OA,AA,KAPPA,F1 MACRO,P MACRO,ENTROPY,LOGp,Pmax,Ptrue,AUC MACRO,F1 bin,P bin
test,0.09192978393475594,0.07561006618922604,0.16338993465558982,0.08398762840510818,0.1090666031754063,0.06961267991297944,0.129056608576348,0.03663040274429456,0.03395688658248436,0.07576105971344792,0.09045884012107214,0.047325635844635616
train,0.013001777112037762,0.00884493228873948,0.024986676983918814,0.01360334687251731,0.010973785546349094,0.05733887517172289,0.027993886735906255,0.018680089491269418,0.01902718458475207,0.007529844593008628,,
