,OA,AA,KAPPA,F1 MACRO,P MACRO,ENTROPY,LOGp,Pmax,Ptrue,AUC MACRO,F1 bin,P bin
test,0.7486928104575163,0.7815896226415094,0.5111577737753625,0.7410076086746137,0.7647696591958051,0.6041401536287647,-0.5019970102817272,0.7997227175163398,0.698894100864183,0.8858537735849057,0.7158565084956094,0.60595254229732
train,0.8706976744186047,0.8645955977850551,0.7323570189058857,0.8592909105376367,0.8842206025365913,0.5048109440468842,-0.3020470718570715,0.8432763494620155,0.7962770723650465,0.9477521611734062,,
