,F1 NONE,R NONE,P NONE,N TRUE,N PRED
label-0,0.7661587088536178,0.6745,0.9235867760942901,200.0,146.7
label-1,0.7158565084956094,0.8886792452830189,0.60595254229732,106.0,159.3
