,OA,AA,KAPPA,F1 MACRO,P MACRO,ENTROPY,LOGp,Pmax,Ptrue,AUC MACRO,F1 bin,P bin
test,0.08922426479222449,0.0609090235203024,0.12357835208844822,0.09208828838612826,0.031115196785807344,0.1221560972931652,0.07754067435917326,0.058196317962310146,0.06397367116403434,0.016600266001958696,0.051596452977137656,0.07415985228641726
train,0.08775705101017857,0.09966312307667366,0.19586038096048972,0.11946763505845703,0.046985782272924076,0.1533639058628019,0.11137921095119059,0.06699923977751247,0.08257518307753654,0.02919663451088457,,
