,F1 NONE,R NONE,P NONE,N TRUE,N PRED
label-0,0.1336079399583513,0.15594603767543008,0.0261875687819329,0.0,35.49037428186221
label-1,0.051596452977137656,0.05144177370233592,0.07415985228641726,0.0,35.49037428186221
