,OA,AA,KAPPA,F1 MACRO,P MACRO,ENTROPY,LOGp,Pmax,Ptrue,AUC MACRO,F1 bin,P bin
test,0.0090981404661856,0.007494023358647238,0.01594103286211238,0.00839761584690954,0.007580051436605423,0.03524497949766299,0.0142309078181359,0.013037303807993025,0.012055161738938851,0.005983429446199291,0.009328356198898654,0.010922153102258483
train,0.009390257358985394,0.008458871709112914,0.017118449243827598,0.008941451623195852,0.008081848223331613,0.035404234639063066,0.016950225741532012,0.013313196874738423,0.013184264498575432,0.007192558149803344,,
