,F1 NONE,R NONE,P NONE,N TRUE,N PRED
label-0,0.749728544982758,0.8335746606334842,0.6818801074662219,6630.0,8113.5
label-1,0.8479990099767886,0.7993095422808378,0.9035669709681224,12890.0,11406.5
