,F1 NONE,R NONE,P NONE,N TRUE,N PRED
label-0,0.009013177591395402,0.02381645015048884,0.017839540128841636,0.0,407.55974340511665
label-1,0.009328356198898654,0.021088107049835776,0.010922153102258483,0.0,407.559743405116
