,OA,AA,KAPPA,F1 MACRO,P MACRO,ENTROPY,LOGp,Pmax,Ptrue,AUC MACRO,F1 bin,P bin
test,0.8109477459016393,0.816442101457161,0.6003618006772704,0.7988637774797732,0.7927235392171721,0.5311260844026231,-0.3907790776471157,0.827213654191547,0.7531583908843417,0.9001154606737366,0.8479990099767886,0.9035669709681224
train,0.8160116352820243,0.823697929243585,0.6108173201957036,0.8039560143872286,0.7973438267531121,0.5342911969473768,-0.3780841153217604,0.8264175976071124,0.7564087750595208,0.9073652627610572,,
