,OA,AA,KAPPA,F1 MACRO,P MACRO,ENTROPY,LOGp,Pmax,Ptrue,AUC MACRO,F1 bin,P bin
test,0.03203567685943758,0.027234636342876324,0.06061662133745225,0.04303846471056686,0.0758697394349034,0.05336248816153393,0.04313881005266527,0.032405941326441326,0.018932145699869726,0.03835934932052222,0.033558672976547785,0.01590526911745916
train,0.01541861873405449,0.010631608045461163,0.0278679482615367,0.015530580824402597,0.01163657595280654,0.04510952690227393,0.04254892871572067,0.013577042621022143,0.020111979826654386,0.007699915755945387,,
