,F1 NONE,R NONE,P NONE,N TRUE,N PRED
label-0,0.35411380744948356,0.26160990712074306,0.6707995559421767,323.0,140.4
label-1,0.7776237316435198,0.9027826086956521,0.6857263023278738,575.0,757.6
