,F1 NONE,R NONE,P NONE,N TRUE,N PRED
label-0,0.09065552425410164,0.09704289794834353,0.15464016091086544,0.0,76.79583322029913
label-1,0.033558672976547785,0.08484568445202341,0.01590526911745916,0.0,76.79583322029913
