,OA,AA,KAPPA,F1 MACRO,P MACRO,ENTROPY,LOGp,Pmax,Ptrue,AUC MACRO,F1 bin,P bin
test,0.6721603563474388,0.5821962579081976,0.18758597933056476,0.5658687695465017,0.6782629291350253,0.7233284292401613,-0.6566669656868412,0.7625015075356347,0.6104942166324053,0.6430485933503836,0.7776237316435198,0.6857263023278738
train,0.8365428354814253,0.8902623007648032,0.6037619811255819,0.7957919804898747,0.7721900216357572,0.4178223460324732,-0.3591147166817622,0.8889034984154662,0.7978573129579226,0.9324306513465302,,
