,OA,AA,KAPPA,F1 MACRO,P MACRO,ENTROPY,LOGp,Pmax,Ptrue,AUC MACRO,F1 bin,P bin
test,0.7728758169934641,0.7994245283018868,0.5447981499144177,0.7667043520992389,0.7733360956949027,0.5755494763056345,-0.48851775792998,0.813959642745098,0.7136212196514705,0.8885330188679246,0.7302064628927936,0.6232097714534669
train,0.8955038759689922,0.8926781071495331,0.7881673362926023,0.8939908203960615,0.8969142277615806,0.4611367947973011,-0.26786479512150707,0.863133411124031,0.8208243682495272,0.957082167072481,,
