,F1 NONE,R NONE,P NONE,N TRUE,N PRED
label-0,0.0250747785010566,0.05001110987681749,0.021489487893913632,0.0,14.259889355967823
label-1,0.01166309470322096,0.04276035829787428,0.03129148102238362,0.0,14.259889355967823
