,F1 NONE,R NONE,P NONE,N TRUE,N PRED
label-0,0.8032022413056843,0.713,0.9234624199363385,200.0,154.7
label-1,0.7302064628927936,0.8858490566037736,0.6232097714534669,106.0,151.3
