,OA,AA,KAPPA,F1 MACRO,P MACRO,ENTROPY,LOGp,Pmax,Ptrue,AUC MACRO,F1 bin,P bin
test,0.02010091730636813,0.010319828142632883,0.028523953978777328,0.017504333400235605,0.008727102820872284,0.041143594606975115,0.04122604275701658,0.015377005769583316,0.015994629999772674,0.007616864066747168,0.01166309470322096,0.03129148102238362
train,0.009506796723569565,0.009930976399389014,0.019335607549413925,0.009680002316953314,0.009983744015685312,0.050451312302190694,0.020441687798614,0.017334217888128084,0.017852443617592077,0.006463830661295913,,
