,OA,AA,KAPPA,F1 MACRO,P MACRO,ENTROPY,LOGp,Pmax,Ptrue,AUC MACRO,F1 bin,P bin
test,0.008025345866800017,0.007782892903741075,0.014978909772117664,0.007849838118225313,0.007143998384865745,0.011381604840041647,0.008389680336376644,0.008259965695311582,0.006491130823109115,0.0063478902829367505,0.007728119930207689,0.008027485586100133
train,0.009045105116100238,0.008422187696991953,0.01668158666381024,0.008818776625851548,0.007775067987229755,0.011372623758334519,0.009737138978184802,0.00820653231715186,0.007094863248140726,0.0077991615667441765,,
