,OA,AA,KAPPA,F1 MACRO,P MACRO,ENTROPY,LOGp,Pmax,Ptrue,AUC MACRO,F1 bin,P bin
test,0.7710860655737706,0.7919403304676886,0.5336492254359461,0.7625979059869271,0.7628907731583265,0.8543293670461061,-0.49436181091421616,0.6801056751972481,0.6353906584217038,0.8747458656435063,0.8074234175756286,0.9081768765719692
train,0.7744373728757956,0.7974939918397179,0.5405278558170405,0.7657724020925722,0.7662447019530292,0.8558301332456564,-0.49218755079289156,0.6789927913581899,0.635992178589289,0.8807354166519789,,
