,F1 NONE,R NONE,P NONE,N TRUE,N PRED
label-0,0.008625437176976095,0.014360623742536917,0.010313876630708473,0.0,211.2532971471819
label-1,0.007728119930207689,0.012393121429311024,0.008027485586100133,0.0,211.2532971471819
