,F1 NONE,R NONE,P NONE,N TRUE,N PRED
label-0,0.7177723943982256,0.8569683257918552,0.6176046697446838,6630.0,9201.8
label-1,0.8074234175756286,0.726912335143522,0.9081768765719692,12890.0,10318.2
