,F1 NONE,R NONE,P NONE,N TRUE,N PRED
label-0,0.6545392097430118,0.579,0.7561167059408881,200.0,153.5
label-1,0.5275912769681718,0.6443396226415095,0.44797040961590834,106.0,152.5
