,OA,AA,KAPPA,F1 MACRO,P MACRO,ENTROPY,LOGp,Pmax,Ptrue,AUC MACRO,F1 bin,P bin
test,0.022295257826638524,0.025962049707197853,0.04487565154644619,0.021847213849659035,0.024652193535420027,0.01319680921540902,0.011582729238271666,0.012651197132571509,0.008255080581611212,0.017590064031616465,0.030858488771672826,0.02210593142354506
train,0.009678373824320225,0.008601203754494335,0.017136510854655777,0.008826074555995022,0.00936324008440927,0.007819988574063063,0.0028028998772205447,0.0108930359426597,0.0032046266269924756,0.004144316583947823,,
