,F1 NONE,R NONE,P NONE,N TRUE,N PRED
label-0,0.02563106032278137,0.04148627617792551,0.031476666436891836,0.0,13.71333495381614
label-1,0.030858488771672826,0.06566983473662522,0.02210593142354506,0.0,13.71333495381614
