,OA,AA,KAPPA,F1 MACRO,P MACRO,ENTROPY,LOGp,Pmax,Ptrue,AUC MACRO,F1 bin,P bin
test,0.6016339869281045,0.6116698113207547,0.20218854837020267,0.5910652433555919,0.6020435577783982,0.94616406331097,-0.6409430064349382,0.5929840247875817,0.5405614067679739,0.6504716981132075,0.5275912769681718,0.44797040961590834
train,0.5913953488372093,0.5847921607849897,0.1704556161078472,0.5838477838868381,0.5869408143184174,0.9645271880940303,-0.6664591510779349,0.576890517508527,0.524563628642093,0.6217458591164983,,
