,F1 NONE,R NONE,P NONE,N TRUE,N PRED
label-0,0.6562986795271437,0.7478431372549019,0.5849000267059989,6630.0,8479.5
label-1,0.7829458370433977,0.7268192397207137,0.8486484156229995,12890.0,11040.5
