,F1 NONE,R NONE,P NONE,N TRUE,N PRED
label-0,0.0033373557071143243,0.01242222852169093,0.007505165621666418,0.0,233.50053533129227
label-1,0.005725479353421931,0.01219422652137701,0.004447252452837058,0.0,233.50053533129227
