,OA,AA,KAPPA,F1 MACRO,P MACRO,ENTROPY,LOGp,Pmax,Ptrue,AUC MACRO,F1 bin,P bin
test,0.004711162307439048,0.0028938765823429925,0.00656020297797738,0.0037243261456514154,0.0029987051647409014,0.01392217707899198,0.005493762414671497,0.007671048838703493,0.00545150802578622,0.0031366845025990885,0.005725479353421931,0.004447252452837058
train,0.004720340330144136,0.0032477686939908035,0.006970371275446659,0.003888139875304956,0.003191489788114964,0.01414769623452678,0.0058244519707496695,0.007849351599187503,0.005721347623682898,0.0034758171792938193,,
