,OA,AA,KAPPA,F1 MACRO,P MACRO,ENTROPY,LOGp,Pmax,Ptrue,AUC MACRO,F1 bin,P bin
test,0.7339600409836066,0.7373311884878079,0.4445765785009086,0.7196222582852707,0.7167742211644992,0.782040166707283,-0.5285762918591969,0.720845123102459,0.6408391425404605,0.8192804809696153,0.7829458370433977,0.8486484156229995
train,0.736040942195394,0.7404651717439228,0.4482734439219641,0.721257728211931,0.7183138114532236,0.7864224591812357,-0.5264901448762467,0.7186931105850228,0.6404548388676741,0.8229741080709385,,
