,OA,AA,KAPPA,F1 MACRO,P MACRO,ENTROPY,LOGp,Pmax,Ptrue,AUC MACRO,F1 bin,P bin
test,0.01693190346642741,0.016371478115203755,0.03149227663867712,0.016562711536912834,0.014652148075756667,0.01647944292665957,0.006822719276445588,0.008849785745287865,0.005584532008419608,0.006814045286321176,0.018584307183778567,0.02235085892338084
train,0.013495201573777857,0.013556787302705604,0.02720620313044916,0.013608842283821287,0.013685878906790398,0.022149573493384582,0.01568170499509529,0.00992538883301615,0.011672874337741956,0.009346428038783796,,
