,OA,AA,KAPPA,F1 MACRO,P MACRO,ENTROPY,LOGp,Pmax,Ptrue,AUC MACRO,F1 bin,P bin
test,0.765359477124183,0.7841415094339623,0.5231857667693465,0.7573918594731984,0.7587894406833818,0.7578209698359034,-0.5001197259289962,0.7368899705718954,0.659702040164379,0.8581792452830189,0.7139353296675759,0.6187795240508861
train,0.8037209302325582,0.8009147207407101,0.6028638209403789,0.8013906654777665,0.802204269589794,0.7202150728922698,-0.4441646803930797,0.7543427440248063,0.6921818164437077,0.8770475009042821,,
