,F1 NONE,R NONE,P NONE,N TRUE,N PRED
label-0,0.800848389278821,0.723,0.8987993573158777,200.0,161.0
label-1,0.7139353296675759,0.8452830188679246,0.6187795240508861,106.0,145.0
