,F1 NONE,R NONE,P NONE,N TRUE,N PRED
label-0,0.01720941190924182,0.030386400466875532,0.018917852155606027,0.0,8.768630958643936
label-1,0.018584307183778567,0.036456293701105494,0.02235085892338084,0.0,8.768630958643936
