,F1 NONE,R NONE,P NONE,N TRUE,N PRED
label-0,0.014494342308425185,0.01895850872233552,0.019811759599495722,0.0,451.7614906612166
label-1,0.020072498577965576,0.029909773841996338,0.009783315914090752,0.0,451.7614906612166
