,OA,AA,KAPPA,F1 MACRO,P MACRO,ENTROPY,LOGp,Pmax,Ptrue,AUC MACRO,F1 bin,P bin
test,0.018096965067022856,0.014053987126898117,0.02922680034100651,0.01660759557006605,0.012836764144414666,0.03153478752139807,0.021654315725248795,0.01539493544860853,0.016858945661121196,0.019317256511980636,0.020072498577965576,0.009783315914090752
train,0.02046718944469876,0.015963535207335906,0.03314358818987125,0.018821722171076777,0.014568485912689983,0.031344915582122095,0.02369570448707302,0.015263619172786704,0.017524780447791804,0.020816187565095182,,
