,OA,AA,KAPPA,F1 MACRO,P MACRO,ENTROPY,LOGp,Pmax,Ptrue,AUC MACRO,F1 bin,P bin
test,0.6933299180327869,0.7112440455086373,0.38223115415909537,0.6838910353563599,0.6900033873188864,0.7624147153908243,-0.5489734281115636,0.7243259436803279,0.6314620875241727,0.7860176484629777,0.7380650705180305,0.8455063398941798
train,0.6923692671084575,0.710811303970131,0.3796800536956284,0.6822806650883548,0.6885429880223901,0.765927118758314,-0.549044445221422,0.7221254847050937,0.6302320913074247,0.7859964746485092,,
