,F1 NONE,R NONE,P NONE,N TRUE,N PRED
label-0,0.6297170001946892,0.7671040723981901,0.5345004347435929,6630.0,9528.0
label-1,0.7380650705180305,0.6553840186190845,0.8455063398941798,12890.0,9992.0
