,F1 NONE,R NONE,P NONE,N TRUE,N PRED
label-0,0.17231292842981152,0.12014130357937279,0.11971653649012295,0.0,50.94266930143684
label-1,0.018991003915389566,0.03139064862082269,0.02815233409041051,0.0,50.94266930143684
