,OA,AA,KAPPA,F1 MACRO,P MACRO,ENTROPY,LOGp,Pmax,Ptrue,AUC MACRO,F1 bin,P bin
test,0.679510022271715,0.5603914389554449,0.14397326056428,0.5060105896475113,0.7897687279157102,0.8351653925980772,-0.6042681066366826,0.7085914302223608,0.5971064688375278,0.694954906447705,0.7976676098520123,0.6711942383608045
train,0.8269143290371493,0.8876995962937018,0.5879292401147695,0.7867334599574909,0.7656726728556634,0.616778493630437,-0.3889987088006326,0.822047437171445,0.7412800602505838,0.9249257945936578,,
