,OA,AA,KAPPA,F1 MACRO,P MACRO,ENTROPY,LOGp,Pmax,Ptrue,AUC MACRO,F1 bin,P bin
test,0.03639531082336754,0.053170595243779616,0.123717287463795,0.09362082698239196,0.05700696966719893,0.02248833030698956,0.01254981994907629,0.01952805650951361,0.009377393881667716,0.01425906728111301,0.018991003915389566,0.02815233409041051
train,0.006705808112669267,0.0049627054342810725,0.01239946046908554,0.006880520653283316,0.005151609088908971,0.04343105676102866,0.026481794093611618,0.015361885746203646,0.018467489456614743,0.007954984888215272,,
