,F1 NONE,R NONE,P NONE,N TRUE,N PRED
label-0,0.21435356944301018,0.13591331269349843,0.9083432174706161,323.0,52.6
label-1,0.7976676098520123,0.9848695652173912,0.6711942383608045,575.0,845.4
