,F1 NONE,R NONE,P NONE,N TRUE,N PRED
label-0,0.4518347130560132,0.30371517027863776,0.9427922283068858,323.0,104.9
label-1,0.8309036358337074,0.9881739130434782,0.7172573624823689,575.0,793.1
