,OA,AA,KAPPA,F1 MACRO,P MACRO,ENTROPY,LOGp,Pmax,Ptrue,AUC MACRO,F1 bin,P bin
test,0.7419821826280624,0.6459445416610581,0.3406757306791499,0.6413691744448602,0.8300247953946274,0.7022605133333534,-0.5761767881157438,0.7846960780256125,0.6530105475275056,0.7419582716381747,0.8309036358337074,0.7172573624823689
train,0.812661106899166,0.8704814143442119,0.5575721873716756,0.770533132831283,0.7524293581501597,0.50479620485256,-0.4094774739359369,0.8593626858498862,0.7601090544539045,0.9151209313410416,,
