,OA,AA,KAPPA,F1 MACRO,P MACRO,ENTROPY,LOGp,Pmax,Ptrue,AUC MACRO,F1 bin,P bin
test,0.02611616446281244,0.03900497255237104,0.08451988743976807,0.056856059699501096,0.01227302115696418,0.03005775918209194,0.03180623540837665,0.013684855908676793,0.011395220937384681,0.011500051421658846,0.013109557465472581,0.022903047282088133
train,0.00968567885421928,0.0057331707018115465,0.016345729835905924,0.009371409024792363,0.006521023183471761,0.037781696652084334,0.024739474499459447,0.012594113420071157,0.0158723774424771,0.0047021805113354204,,
