,F1 NONE,R NONE,P NONE,N TRUE,N PRED
label-0,0.10075945880477755,0.08544305828370978,0.03451975651859596,0.0,32.20576207934088
label-1,0.013109557465472581,0.009831173066991343,0.022903047282088133,0.0,32.20576207934088
