,F1 NONE,R NONE,P NONE,N TRUE,N PRED
label-0,0.0,0.0,0.0,200.0,0.0
label-1,0.5145631067961165,1.0,0.3464052287581699,106.0,306.0
