,OA,AA,KAPPA,F1 MACRO,P MACRO,ENTROPY,LOGp,Pmax,Ptrue,AUC MACRO,F1 bin,P bin
test,0.3464052287581699,0.5,0.0,0.25728155339805825,0.17320261437908496,0.9951610136674353,-0.7177892965750525,0.534496969633987,0.4894025376830065,0.49879481132075476,0.5145631067961165,0.3464052287581699
train,0.5496124031007752,0.5,0.0,0.35467733866933465,0.2748062015503876,0.9951610001230236,-0.6896461803272872,0.5344969720767441,0.5034228906534883,0.5017492092083831,,
