,OA,AA,KAPPA,F1 MACRO,P MACRO,ENTROPY,LOGp,Pmax,Ptrue,AUC MACRO,F1 bin,P bin
test,0.0,0.0,0.0,0.0,0.0,0.005268042762188549,0.017856596889920227,0.023169532759457823,0.007118091388066775,0.07990278023967665,0.0,0.0
train,0.0,0.0,0.0,0.0,0.0,0.005268104680244149,0.0016652651378902866,0.023169639801916397,0.002298734233101232,0.050573889122550404,,
