,OA,AA,KAPPA,F1 MACRO,P MACRO,ENTROPY,LOGp,Pmax,Ptrue,AUC MACRO,F1 bin,P bin
test,0.8125870901639345,0.8162842979287556,0.6020865890343244,0.7999081163696359,0.7937094006709938,0.522767991946947,-0.3861972359661037,0.830464915583504,0.7564628373074207,0.9011656972152112,0.8500812704322327,0.9014216240839245
train,0.8181790346215253,0.8242945572417902,0.6138033067168942,0.8056249249930566,0.7989168566285858,0.5256364469565648,-0.3720939248648823,0.8296541164069943,0.7603886293247231,0.9089422274821095,,
