,F1 NONE,R NONE,P NONE,N TRUE,N PRED
label-0,0.016441101962841497,0.038694843415192366,0.013132180829083507,0.0,441.51996305691284
label-1,0.007334087604390149,0.016991353227409946,0.017837278649514426,0.0,441.5199630569131
