,F1 NONE,R NONE,P NONE,N TRUE,N PRED
label-0,0.7497349623070391,0.8278129713423832,0.6859971772580632,6630.0,8005.1
label-1,0.8500812704322327,0.804755624515128,0.9014216240839245,12890.0,11514.9
