,OA,AA,KAPPA,F1 MACRO,P MACRO,ENTROPY,LOGp,Pmax,Ptrue,AUC MACRO,F1 bin,P bin
test,0.009254111179367886,0.014460162469293483,0.022131349500131303,0.010916561045515562,0.009888092875590395,0.03714233575347,0.017755008828743094,0.013631002882546832,0.013765778642760526,0.01122285398473647,0.007334087604390149,0.017837278649514426
train,0.011695772941766328,0.01722992130926618,0.027355283927137142,0.01353524028556751,0.012564591738920262,0.03839450763707136,0.022256241185839448,0.014372143117316672,0.015842262515052705,0.01327330467628313,,
