,OA,AA,KAPPA,F1 MACRO,P MACRO,ENTROPY,LOGp,Pmax,Ptrue,AUC MACRO,F1 bin,P bin
test,0.8185809426229508,0.8212731875587258,0.6135710164426407,0.8058541969226176,0.7991854918596927,0.5106684117763403,-0.37417087968519375,0.8334651279123463,0.7630783056029923,0.9055798454728313,0.855457498667246,0.9030880927615786
train,0.8260612820681057,0.8312954701894201,0.6292486210307215,0.8135780148925941,0.8062871066605108,0.5128563885464686,-0.3563314697853673,0.8328248066350852,0.768273417515728,0.9146915588208534,,
