,F1 NONE,R NONE,P NONE,N TRUE,N PRED
label-0,0.7562508951779893,0.8296681749622927,0.6952828909578066,6630.0,7912.7
label-1,0.855457498667246,0.812878200155159,0.9030880927615786,12890.0,11607.3
