,F1 NONE,R NONE,P NONE,N TRUE,N PRED
label-0,0.015519446464362117,0.03324392520669142,0.00975713996148835,0.0,333.1923201729332
label-1,0.006144032255492393,0.011291011314363582,0.015935589463090632,0.0,333.19232017293285
