,OA,AA,KAPPA,F1 MACRO,P MACRO,ENTROPY,LOGp,Pmax,Ptrue,AUC MACRO,F1 bin,P bin
test,0.00864944839125459,0.013692173764958328,0.021223597463727168,0.010408200839146729,0.009714981854864631,0.04279384463022555,0.015755476439926714,0.015996442433532685,0.014824272895813206,0.010686435520974773,0.006144032255492393,0.015935589463090632
train,0.011080985957585478,0.016594412810309933,0.026460930766870592,0.013036023651341922,0.012300531602889261,0.04381787044331576,0.02263459840610963,0.01653247433073893,0.017527706653000522,0.01348378704739437,,
