,F1 NONE,R NONE,P NONE,N TRUE,N PRED
label-0,0.23630222652769597,0.26131292437314396,0.08250958470634427,0.0,66.84650742974951
label-1,0.08454251124081379,0.17397924854672842,0.10010355808681971,0.0,66.84650742974951
