,OA,AA,KAPPA,F1 MACRO,P MACRO,ENTROPY,LOGp,Pmax,Ptrue,AUC MACRO,F1 bin,P bin
test,0.576797385620915,0.6472075471698113,0.25248150136808356,0.5560509819778461,0.6853510414302055,0.8693586764486587,-0.6626329816874044,0.6283290983202614,0.55283065351183,0.7600518867924528,0.5933926200989705,0.4665785409693431
train,0.6518604651162792,0.6266707369473866,0.25812852516115065,0.5806671295821195,0.6997204544432695,0.847778546871394,-0.5846685794533143,0.6371959701821706,0.5876684130248605,0.7163624071138474,,
