,OA,AA,KAPPA,F1 MACRO,P MACRO,ENTROPY,LOGp,Pmax,Ptrue,AUC MACRO,F1 bin,P bin
test,0.13372763049418382,0.09035768530161639,0.17510611063851148,0.1450341665636277,0.05610637156639687,0.20446569088221012,0.10687865898542948,0.13239416238111945,0.09805831956047747,0.07618154921842671,0.08454251124081379,0.10010355808681971
train,0.13803357816294332,0.15057077130820373,0.29963528999021105,0.1811908077251237,0.12409763230800526,0.24404409533224208,0.18516005547282788,0.14729029322399476,0.13850636445422665,0.15035062105127095,,
