,F1 NONE,R NONE,P NONE,N TRUE,N PRED
label-0,0.5187093438567216,0.418,0.9041235418910679,200.0,96.7
label-1,0.5933926200989705,0.8764150943396226,0.4665785409693431,106.0,209.3
