,OA,AA,KAPPA,F1 MACRO,P MACRO,ENTROPY,LOGp,Pmax,Ptrue,AUC MACRO,F1 bin,P bin
test,0.8011014344262295,0.8031779812241183,0.5772996131642875,0.7874757114402604,0.7816810439566249,0.5334095137786179,-0.40758268157498706,0.8270488743575306,0.7467919770206461,0.8880703650917907,0.8410607535512999,0.8913118633296332
train,0.80722174835422,0.8112783394732241,0.5897661492654008,0.7935917045372503,0.7873275006850436,0.5368753229849147,-0.39394163839389057,0.8259440627900837,0.7503164196720121,0.8956488156579422,,
