,F1 NONE,R NONE,P NONE,N TRUE,N PRED
label-0,0.7338906693292209,0.8096530920060332,0.6720502245836166,6630.0,7988.5
label-1,0.8410607535512999,0.7967028704422032,0.8913118633296332,12890.0,11531.5
