,OA,AA,KAPPA,F1 MACRO,P MACRO,ENTROPY,LOGp,Pmax,Ptrue,AUC MACRO,F1 bin,P bin
test,0.011944162246966237,0.019460311311260376,0.03023092480268125,0.014751322467579398,0.013882194844981212,0.024974799739872725,0.028641828550999466,0.010087372267247931,0.01370780233521906,0.018288098859434426,0.008157094968400131,0.022188720096825452
train,0.014678143762304101,0.022855985857044517,0.03619979053446713,0.01774123668348083,0.01680515940896856,0.025898553215410906,0.030283192732394524,0.010725139405143828,0.01521020632812587,0.01964542986614554,,
