,F1 NONE,R NONE,P NONE,N TRUE,N PRED
label-0,0.022595927746959666,0.047346390322834046,0.012271496936389265,0.0,465.399529675549
label-1,0.008157094968400131,0.014910714934262798,0.022188720096825452,0.0,465.399529675549
