,F1 NONE,R NONE,P NONE,N TRUE,N PRED
label-0,0.11170194747889367,0.1358271293382667,0.1521418597814801,0.0,81.74791876385736
label-1,0.03284656436946279,0.07979052600608458,0.03568557514180099,0.0,81.74791876385736
