,OA,AA,KAPPA,F1 MACRO,P MACRO,ENTROPY,LOGp,Pmax,Ptrue,AUC MACRO,F1 bin,P bin
test,0.04131804976550374,0.051309981843839475,0.10645198658623947,0.06215258196922829,0.08076705882006277,0.044174164617232475,0.041359572499502326,0.020698175588426272,0.013229527981051313,0.03704291737947985,0.03284656436946279,0.03568557514180099
train,0.011507909604858394,0.005965682435593451,0.020147240188538928,0.011352803373796247,0.008248880539026225,0.06150979181308093,0.03672362487310028,0.0186076222434047,0.024414695714249243,0.007811735667861196,,
