,F1 NONE,R NONE,P NONE,N TRUE,N PRED
label-0,0.45834743344112694,0.365015479876161,0.6946734143695372,323.0,178.5
label-1,0.7938720416660804,0.8946086956521739,0.7174162856160746,575.0,719.5
