,OA,AA,KAPPA,F1 MACRO,P MACRO,ENTROPY,LOGp,Pmax,Ptrue,AUC MACRO,F1 bin,P bin
test,0.7041202672605791,0.6298120877641675,0.2857477461712652,0.6261097375536037,0.7060448499928059,0.7386641397462899,-0.6014537924908567,0.7492355827449889,0.6285286561532294,0.7156710189796742,0.7938720416660804,0.7174162856160746
train,0.8318423047763457,0.8927838401929702,0.5982881911507054,0.7922541944052776,0.7702552146094298,0.47471220399834346,-0.3983329574500153,0.8777475015246399,0.7790567172532221,0.9400221713476858,,
