,OA,AA,KAPPA,F1 MACRO,P MACRO,ENTROPY,LOGp,Pmax,Ptrue,AUC MACRO,F1 bin,P bin
test,0.029343097441974966,0.015596644992889123,0.04589177242182058,0.026196273661637893,0.017147310159673194,0.024955609636113818,0.03859914523480187,0.010779790226208582,0.01525542684895622,0.0050645066572043524,0.019971069646084274,0.04836872082932651
train,0.016025880623602783,0.013710576939645048,0.031021249419718747,0.015585190178862392,0.01694615880198172,0.038400377247651,0.02534988543491313,0.01478034884061309,0.018176738251161104,0.007873698445267717,,
