,F1 NONE,R NONE,P NONE,N TRUE,N PRED
label-0,0.8254858237812865,0.7495,0.9234305315160067,200.0,162.6
label-1,0.749248322979948,0.880188679245283,0.6556333998426916,106.0,143.4
