,OA,AA,KAPPA,F1 MACRO,P MACRO,ENTROPY,LOGp,Pmax,Ptrue,AUC MACRO,F1 bin,P bin
test,0.7947712418300654,0.8148443396226416,0.582792860423252,0.7873670733806173,0.7895319656793492,0.6373147384426263,-0.45527812497121556,0.792695919127451,0.7128393199264053,0.8949858490566038,0.749248322979948,0.6556333998426916
train,0.874031007751938,0.8732523080433763,0.745938969386257,0.8728515755852166,0.8740065982369325,0.5359474581409562,-0.30790563890783623,0.8375158932062016,0.7905320126904729,0.9456836008147036,,
