,F1 NONE,R NONE,P NONE,N TRUE,N PRED
label-0,0.03286766925846921,0.06348446879180589,0.01827785275455867,0.0,16.654662343553465
label-1,0.019971069646084274,0.03978950588147583,0.04836872082932651,0.0,16.654662343553465
