,OA,AA,KAPPA,F1 MACRO,P MACRO,ENTROPY,LOGp,Pmax,Ptrue,AUC MACRO,F1 bin,P bin
test,0.06446796999326636,0.07468623411767379,0.16030502032649366,0.10541297375732041,0.13913715582987984,0.06589085548177283,0.0665508189574937,0.02891761007176725,0.040667620328427,0.07853082815041107,0.055359730441567764,0.04719456195752812
train,0.19000471442587027,0.11773652912292273,0.1912817569810756,0.18320274279609114,0.056989491029572986,0.1640141873896185,0.14256383398914538,0.08612301420428252,0.10596275955095136,0.0203094160574413,,
