,OA,AA,KAPPA,F1 MACRO,P MACRO,ENTROPY,LOGp,Pmax,Ptrue,AUC MACRO,F1 bin,P bin
test,0.665033407572383,0.5852470049804819,0.18601241034233057,0.5658713696171204,0.6018164448552776,0.7230922002445327,-0.6457867174556244,0.7598972886258352,0.6134388805583518,0.6638212410822453,0.7667892532703025,0.6914642842415099
train,0.7857467778620167,0.8641667328677591,0.5640682355745467,0.7487054041784296,0.7634427244715682,0.5062180097147599,-0.4114816404109659,0.855968306605762,0.7605664884717969,0.9382872814461207,,
