,F1 NONE,R NONE,P NONE,N TRUE,N PRED
label-0,0.19303382851442813,0.17689434273221258,0.24068877591523943,0.0,105.75842493364037
label-1,0.055359730441567764,0.11004114103378246,0.04719456195752812,0.0,105.75842493364037
