,F1 NONE,R NONE,P NONE,N TRUE,N PRED
label-0,0.3649534859639384,0.30092879256965943,0.5121686054690454,323.0,172.2
label-1,0.7667892532703025,0.8695652173913043,0.6914642842415099,575.0,725.8
