,OA,AA,KAPPA,F1 MACRO,P MACRO,ENTROPY,LOGp,Pmax,Ptrue,AUC MACRO,F1 bin,P bin
test,0.013469797337385273,0.0121141242950704,0.02455853417860598,0.013079925162362817,0.01122415480551523,0.07878775248595767,0.08614380602328528,0.02733620250270913,0.01140831065025271,0.010998851934579524,0.013367232577842971,0.01655078614398651
train,0.027432077556644743,0.027790201030059556,0.05543892183849524,0.027719575279833177,0.027651437310292383,0.1178546668212987,0.06959854098339686,0.04160811672387186,0.04971307315411451,0.012884461127549377,,
