,F1 NONE,R NONE,P NONE,N TRUE,N PRED
label-0,0.013242166458750109,0.019293061504650356,0.009809857003109011,0.0,4.280446497997871
label-1,0.013367232577842971,0.015691792389779417,0.01655078614398651,0.0,4.280446497997871
