,OA,AA,KAPPA,F1 MACRO,P MACRO,ENTROPY,LOGp,Pmax,Ptrue,AUC MACRO,F1 bin,P bin
test,0.7741830065359477,0.7959905660377359,0.5428814235897403,0.7671670623616791,0.7686855089324266,0.49570321590858535,-0.5745483181023678,0.8456468785457517,0.7234911413167784,0.8675943396226415,0.7268689854206392,0.6259441680347171
train,0.9586046511627908,0.9580842815145327,0.9163594819655121,0.9581793787408788,0.9582913207206657,0.3639397497880418,-0.149330641308953,0.9008193992651163,0.8865928126194186,0.9881076593296418,,
