,F1 NONE,R NONE,P NONE,N TRUE,N PRED
label-0,0.8074651393027189,0.725,0.9114268498301362,200.0,159.1
label-1,0.7268689854206392,0.8669811320754718,0.6259441680347171,106.0,146.9
