,F1 NONE,R NONE,P NONE,N TRUE,N PRED
label-0,0.3289471070120774,0.26996904024767804,0.4416073766491584,323.0,204.8
label-1,0.7199155688064169,0.7954782608695652,0.6591801915478784,575.0,693.2
