,F1 NONE,R NONE,P NONE,N TRUE,N PRED
label-0,0.030648014868948505,0.044812689312710305,0.07189565174859724,0.0,55.91223280980449
label-1,0.03757095246251309,0.07586543321666235,0.013521187544859259,0.0,55.91223280980451
