,OA,AA,KAPPA,F1 MACRO,P MACRO,ENTROPY,LOGp,Pmax,Ptrue,AUC MACRO,F1 bin,P bin
test,0.03691181678985701,0.024007768935376785,0.05415552054805327,0.021398659840055283,0.041972885803973424,0.04477794418988547,0.10230095353013555,0.016477485851925173,0.02095021568442773,0.038727191531605434,0.03757095246251309,0.013521187544859259
train,0.018744698328113894,0.011564265690699242,0.04298332517188665,0.022246575275108413,0.022689708132659598,0.05781425340811694,0.05041404391467875,0.018605612877792117,0.0294122912843338,0.005736947869882994,,
