,OA,AA,KAPPA,F1 MACRO,P MACRO,ENTROPY,LOGp,Pmax,Ptrue,AUC MACRO,F1 bin,P bin
test,0.6064587973273942,0.5327236505586216,0.07269290570873989,0.5244313379092472,0.5503937840985185,0.5530124538622256,-0.8262614460306649,0.8300238858474387,0.602776950823853,0.6345570063265582,0.7199155688064169,0.6591801915478784
train,0.9096285064442761,0.9408868177977425,0.7576637415088622,0.8774447226640673,0.8449514978840351,0.45448488696577555,-0.2506212580569465,0.8831604931986353,0.8380067238993176,0.9859728310716633,,
