,F1 NONE,R NONE,P NONE,N TRUE,N PRED
label-0,0.01309557694738472,0.026449827302047167,0.022082838258491094,0.0,447.80526521642804
label-1,0.012188295105701226,0.02447734024375261,0.012397586616461266,0.0,447.80526521642804
