,OA,AA,KAPPA,F1 MACRO,P MACRO,ENTROPY,LOGp,Pmax,Ptrue,AUC MACRO,F1 bin,P bin
test,0.012556054145017691,0.010919726083406833,0.02296793809008045,0.011946271368942423,0.011131182329856108,0.02671457733060531,0.020918824528092524,0.009584722400404491,0.013081643402773973,0.009999516338343365,0.012188295105701226,0.012397586616461266
train,0.01395625018499245,0.012675794891687703,0.02619405069681205,0.013576797871507115,0.012592241373001418,0.02727181447579285,0.024347662758036747,0.00999423571178291,0.014411362842162524,0.011416772359507752,,
