,OA,AA,KAPPA,F1 MACRO,P MACRO,ENTROPY,LOGp,Pmax,Ptrue,AUC MACRO,F1 bin,P bin
test,0.8053483606557377,0.8109058549719345,0.5891224866409981,0.7931204393958288,0.787338580224542,0.5355615011220033,-0.39841513160613284,0.8259225483336066,0.7488831504786639,0.8950661655006336,0.843213161230201,0.9001451480354241
train,0.8123285873630339,0.8208119909186173,0.6040306352838372,0.8003946719799613,0.794179224562998,0.5383746887947163,-0.3839902256438507,0.8250077347761957,0.7531422396537709,0.903701874595269,,
