,F1 NONE,R NONE,P NONE,N TRUE,N PRED
label-0,0.7430277175614564,0.8282352941176472,0.6745320124136598,6630.0,8152.0
label-1,0.843213161230201,0.793576415826222,0.9001451480354241,12890.0,11368.0
