,OA,AA,KAPPA,F1 MACRO,P MACRO,ENTROPY,LOGp,Pmax,Ptrue,AUC MACRO,F1 bin,P bin
test,0.012858029390380592,0.014032932375681739,0.026288375499028103,0.013243788227705161,0.013133170855907874,0.045568101948383066,0.022725463053261622,0.017217252255598878,0.01873873226773035,0.013188543975566161,0.011357203816701095,0.014285654552462404
train,0.015958421921937107,0.016676239487566413,0.03233782689090833,0.016349795517530397,0.0161791044930354,0.04557525181129126,0.027730256049068657,0.01739497985994261,0.020654794844613897,0.016239125273608625,,
