,F1 NONE,R NONE,P NONE,N TRUE,N PRED
label-0,0.017042138165184607,0.03282034954464065,0.022597060770065215,0.0,444.9932458913156
label-1,0.011357203816701095,0.022371689412549033,0.014285654552462404,0.0,444.9932458913155
