,F1 NONE,R NONE,P NONE,N TRUE,N PRED
label-0,0.7204974531279787,0.7689592760180995,0.6788110866865465,6630.0,7520.1
label-1,0.8410550584594423,0.81211016291699,0.8726909701139547,12890.0,11999.9
