,OA,AA,KAPPA,F1 MACRO,P MACRO,ENTROPY,LOGp,Pmax,Ptrue,AUC MACRO,F1 bin,P bin
test,0.797453893442623,0.7905347194675447,0.5627524612601995,0.7807762557937105,0.7757510284002506,0.5944185373957449,-0.4218561559129149,0.8043654502857069,0.7284567218815148,0.8780955298751356,0.8410550584594423,0.8726909701139547
train,0.7990201867768956,0.7940703860918682,0.5662175326139567,0.7823451889786982,0.7766864262071338,0.5977701682254011,-0.4165616454565507,0.8028056201816154,0.7291831616849522,0.8816115722666611,,
