,F1 NONE,R NONE,P NONE,N TRUE,N PRED
label-0,0.8129847151138442,0.7344999999999999,0.912384865227142,200.0,161.1
label-1,0.7322808774165906,0.8660377358490565,0.6356367891135637,106.0,144.9
