,F1 NONE,R NONE,P NONE,N TRUE,N PRED
label-0,0.024257804877582816,0.04336216989240484,0.010733354026286068,0.0,10.91838408882519
label-1,0.015536412460496337,0.02386624649183685,0.03179491709478116,0.0,10.91838408882519
