,OA,AA,KAPPA,F1 MACRO,P MACRO,ENTROPY,LOGp,Pmax,Ptrue,AUC MACRO,F1 bin,P bin
test,0.7800653594771242,0.8002688679245283,0.5534913556441114,0.7726327962652173,0.7740108271703529,0.6272495797764565,-0.4672959497892384,0.7949238370980392,0.7077021198451308,0.8856037735849057,0.7322808774165906,0.6356367891135637
train,0.8464341085271319,0.8455208300459546,0.6902080242807054,0.8449886098317168,0.8457225961729178,0.5428848027510147,-0.34431361009217826,0.831662700707752,0.7732921593883721,0.9284240730805552,,
