,OA,AA,KAPPA,F1 MACRO,P MACRO,ENTROPY,LOGp,Pmax,Ptrue,AUC MACRO,F1 bin,P bin
test,0.02168002306978996,0.013002793870227618,0.03439660452823238,0.019644382674477996,0.0130398178302328,0.02100254804543382,0.025515827387466085,0.008532129356980672,0.009744003923100382,0.006620180278140041,0.015536412460496337,0.03179491709478116
train,0.008750881670564325,0.008571926985093115,0.01727177902389266,0.008667756009369492,0.00902306261668106,0.02384484412946913,0.012539425898676942,0.009185804533026974,0.008994843292598557,0.0048024115775916944,,
