,F1 NONE,R NONE,P NONE,N TRUE,N PRED
label-0,0.05843593686356095,0.07219222990445379,0.09147042160945645,0.0,40.23044728671171
label-1,0.010738729575856771,0.03350503979495348,0.018144267328138862,0.0,40.23044728671171
