,OA,AA,KAPPA,F1 MACRO,P MACRO,ENTROPY,LOGp,Pmax,Ptrue,AUC MACRO,F1 bin,P bin
test,0.016186836982887358,0.025228500386362315,0.049073378822142806,0.031741027777809794,0.04038226298251893,0.05521054135959957,0.027417163645450108,0.028703950474983374,0.022231249520187076,0.020080369003728577,0.010738729575856771,0.018144267328138862
train,0.029473854239344063,0.021052060370354196,0.04462287266649698,0.026742193052643914,0.01786205436905853,0.0566950612323339,0.05288691278612146,0.022979592555457402,0.03202046044790154,0.022602470974478914,,
