,F1 NONE,R NONE,P NONE,N TRUE,N PRED
label-0,0.5586929839105643,0.41733746130030963,0.8816222595232649,323.0,156.4
label-1,0.8405996959033954,0.9624347826086957,0.7469994286390489,575.0,741.6
