,OA,AA,KAPPA,F1 MACRO,P MACRO,ENTROPY,LOGp,Pmax,Ptrue,AUC MACRO,F1 bin,P bin
test,0.766369710467706,0.6898861219545026,0.4273265097399987,0.6996463399069798,0.8143108440811568,0.7763326773303947,-0.5502936885815319,0.7495399641436525,0.6396879588353006,0.7150389016018306,0.8405996959033954,0.7469994286390489
train,0.7561031084154662,0.8023231166992858,0.44261587970281574,0.7080280493732152,0.7026844705498168,0.6174363603624846,-0.46826773401291755,0.8048066248824867,0.7020687953763457,0.8615641271927608,,
