,F1 NONE,R NONE,P NONE,N TRUE,N PRED
label-0,0.02114774585869977,0.035418137224371996,0.021771254100384566,0.0,9.428090415820632
label-1,0.02111719604554953,0.036074541886037696,0.027438433888130775,0.0,9.428090415820632
