,F1 NONE,R NONE,P NONE,N TRUE,N PRED
label-0,0.8052124493624746,0.721,0.9134113720371355,200.0,158.0
label-1,0.7261505686915077,0.869811320754717,0.6241400572569249,106.0,148.0
