,OA,AA,KAPPA,F1 MACRO,P MACRO,ENTROPY,LOGp,Pmax,Ptrue,AUC MACRO,F1 bin,P bin
test,0.020851391919835125,0.018838449199153968,0.03794378382160261,0.020170973638365466,0.017800159080875483,0.03675625518018418,0.035022854614967014,0.013548389413883479,0.018174171510634222,0.017914832421196743,0.02111719604554953,0.027438433888130775
train,0.008154901208299472,0.008503247616721976,0.016596687557134226,0.00832906103036095,0.00808816514671149,0.04557169958514067,0.022046261738883226,0.015353146961474228,0.016612672521405632,0.006678120093083068,,
