,OA,AA,KAPPA,F1 MACRO,P MACRO,ENTROPY,LOGp,Pmax,Ptrue,AUC MACRO,F1 bin,P bin
test,0.7725490196078432,0.7954056603773585,0.5407647519798562,0.7656815090269912,0.7687757146470302,0.5918591632080508,-0.4718304604256426,0.8091848952124183,0.7142417858069607,0.8849716981132076,0.7261505686915077,0.6241400572569249
train,0.8906976744186046,0.8883057517193496,0.7786380677150382,0.8892742412995318,0.8909534559347303,0.4890151350785918,-0.27953615603350107,0.8538011932627907,0.8110741764972869,0.9532441270218897,,
