,F1 NONE,R NONE,P NONE,N TRUE,N PRED
label-0,0.5625870771730678,0.5343653250773994,0.6103990650952126,323.0,290.1
label-1,0.7719548226327682,0.7956521739130434,0.753178340008658,575.0,607.9
