,F1 NONE,R NONE,P NONE,N TRUE,N PRED
label-0,0.04829394602311422,0.07507624680385883,0.09746484778933928,0.0,63.434042735567296
label-1,0.04070971574895719,0.08061619443047931,0.0248497863952505,0.0,63.4340427355673
