,OA,AA,KAPPA,F1 MACRO,P MACRO,ENTROPY,LOGp,Pmax,Ptrue,AUC MACRO,F1 bin,P bin
test,0.7016703786191536,0.6650087494952215,0.33884355793427196,0.667270949902918,0.6817887025519352,0.716105841230731,-0.6032573856847192,0.7558376418051225,0.6342587327015591,0.7182503701709517,0.7719548226327682,0.753178340008658
train,0.8432903714935558,0.8987784092960778,0.6186122649660645,0.8036600861210503,0.778614538578609,0.4666235285022092,-0.37358304115545116,0.880283133404094,0.7912318800177407,0.9466594928755588,,
