,OA,AA,KAPPA,F1 MACRO,P MACRO,ENTROPY,LOGp,Pmax,Ptrue,AUC MACRO,F1 bin,P bin
test,0.042399045081917316,0.03607358856265573,0.07929543638783627,0.038738686945813366,0.054113899352293056,0.058247811330114085,0.046406711275127716,0.029037080607266137,0.023311973776822325,0.035198362574175975,0.04070971574895719,0.0248497863952505
train,0.01027193151801004,0.007146117719232533,0.019900236955257118,0.010829645442669551,0.008645616837252982,0.06072822559360302,0.023310066910473885,0.01857934683570946,0.02113818801892303,0.004185923469374974,,
