,F1 NONE,R NONE,P NONE,N TRUE,N PRED
label-0,0.7420441281164769,0.8390196078431373,0.6652522622967865,6630.0,8363.3
label-1,0.8391280673821958,0.7827307990690457,0.9043642187729048,12890.0,11156.7
