,F1 NONE,R NONE,P NONE,N TRUE,N PRED
label-0,0.003308541793193606,0.006773742054230584,0.007698289760702563,0.0,152.15565860146125
label-1,0.004232686725811313,0.008766005053524302,0.002888340610422482,0.0,152.15565860146125
