,OA,AA,KAPPA,F1 MACRO,P MACRO,ENTROPY,LOGp,Pmax,Ptrue,AUC MACRO,F1 bin,P bin
test,0.8018493852459017,0.8108752034560915,0.5846620756029138,0.7905860977493363,0.7848082405348455,0.543272669266055,-0.40749888889201713,0.8250240657169057,0.745812119651103,0.8974357833483694,0.8391280673821958,0.9043642187729048
train,0.8295759245893752,0.8433792709232788,0.6424824591373,0.8195736733101413,0.8126032317794755,0.5426983154823364,-0.3631650953368538,0.8260597641513462,0.7622742920865678,0.9236745620958715,,
