,OA,AA,KAPPA,F1 MACRO,P MACRO,ENTROPY,LOGp,Pmax,Ptrue,AUC MACRO,F1 bin,P bin
test,0.004104009796302756,0.0024911641508451924,0.00679697567082378,0.003655313322340951,0.0032104645161746556,0.014563674415732098,0.00513272909534446,0.005410112265788365,0.004432621374831587,0.0018383696653203982,0.004232686725811313,0.002888340610422482
train,0.005850573758191231,0.005022460968787961,0.011057746768936637,0.005736809466597487,0.005258816000521137,0.014163877133205605,0.00887960235662677,0.005008714004786649,0.005830222014361794,0.0036872076657003313,,
