,F1 NONE,R NONE,P NONE,N TRUE,N PRED
label-0,0.008771603492597676,0.03533158671081303,0.012887207945711448,0.0,523.5575315940831
label-1,0.00835393845102705,0.023290832241909344,0.016736368638510093,0.0,523.5575315940831
