,F1 NONE,R NONE,P NONE,N TRUE,N PRED
label-0,0.7123578690627851,0.8350075414781297,0.6219812822130255,6630.0,8909.4
label-1,0.8097707988424798,0.7383010085337471,0.8976130910663518,12890.0,10610.6
