,OA,AA,KAPPA,F1 MACRO,P MACRO,ENTROPY,LOGp,Pmax,Ptrue,AUC MACRO,F1 bin,P bin
test,0.006458747815789447,0.008367269144743821,0.011284384504926416,0.005746879802651845,0.005972168149218739,0.02036886875238812,0.012183278644896723,0.010154464712768286,0.007581013873964459,0.007513748295530936,0.00835393845102705,0.016736368638510093
train,0.007736026476892689,0.009769954763972086,0.014398079932688976,0.007335941401763826,0.007404251576878384,0.020387441878858447,0.014112513315468003,0.010346501526805262,0.008669399546458772,0.010022635520109081,,
