,OA,AA,KAPPA,F1 MACRO,P MACRO,ENTROPY,LOGp,Pmax,Ptrue,AUC MACRO,F1 bin,P bin
test,0.7711475409836066,0.7866542750059384,0.5291147921240659,0.7610643339526325,0.7597971866396886,0.5964138977738627,-0.447720718102455,0.8016223138758709,0.7146317563349953,0.8674008392161543,0.8097707988424798,0.8976130910663518
train,0.7754631148437329,0.7934559014665704,0.538194393773139,0.7653370110741637,0.764175047327617,0.5994694120265267,-0.43936517039615913,0.8001997645854384,0.7165517034443926,0.8734798194517953,,
