,F1 NONE,R NONE,P NONE,N TRUE,N PRED
label-0,0.029852625638430212,0.05248280141574425,0.0226006461783048,0.0,14.59832562697212
label-1,0.0154321282411477,0.044204486517749865,0.028516925640339846,0.0,14.59832562697212
