,OA,AA,KAPPA,F1 MACRO,P MACRO,ENTROPY,LOGp,Pmax,Ptrue,AUC MACRO,F1 bin,P bin
test,0.023373566025387996,0.014906161257937844,0.03395844504039709,0.020970136185574806,0.012417731163568273,0.0197760560737216,0.02291327789730255,0.014287739529662533,0.014891546525711789,0.00845821930633776,0.0154321282411477,0.028516925640339846
train,0.009934047951804149,0.011969052439522253,0.02216619542144485,0.011293514825106632,0.010108311163232945,0.008754414602391701,0.0052175269062290685,0.008126158825040457,0.004428119949258481,0.005279082444453887,,
