,OA,AA,KAPPA,F1 MACRO,P MACRO,ENTROPY,LOGp,Pmax,Ptrue,AUC MACRO,F1 bin,P bin
test,0.7339869281045751,0.7628018867924529,0.472826852909131,0.7282459209215277,0.7400925405038048,0.8697526248835722,-0.5619320730680976,0.6710554368562092,0.6026116637189542,0.8277641509433963,0.6907669102352163,0.5805293826541553
train,0.7015503875968992,0.6987536687147543,0.3972890574276467,0.6982407893451886,0.6996067633258215,0.8485930990168684,-0.5791743156603957,0.681610768820155,0.5990029826104124,0.7634371457217142,,
