,F1 NONE,R NONE,P NONE,N TRUE,N PRED
label-0,0.7657249316078392,0.669,0.8996556983534543,200.0,149.0
label-1,0.6907669102352163,0.8566037735849058,0.5805293826541553,106.0,157.0
