,OA,AA,KAPPA,F1 MACRO,P MACRO,ENTROPY,LOGp,Pmax,Ptrue,AUC MACRO,F1 bin,P bin
test,0.0046205873604246925,0.0008349841871996567,0.003704358634224053,0.0025870985010558213,0.0017913959598063593,0.011252673825529405,0.003985502482355958,0.009865277580629443,0.004718092421394048,0.0007198252722172895,0.006498587510470145,0.002080379171434574
train,0.004338612809938964,0.0007078055100330716,0.0031847207757209365,0.0023628174474101204,0.001451494540305192,0.011287811807446733,0.004217037556887875,0.009821351053758231,0.0047781574485074,0.0008508479081050154,,
