,F1 NONE,R NONE,P NONE,N TRUE,N PRED
label-0,0.5510393738344931,0.6121266968325791,0.501224781010594,6630.0,8099.4
label-1,0.7279359239839822,0.6865011636927851,0.7748675639656,12890.0,11420.6
