,OA,AA,KAPPA,F1 MACRO,P MACRO,ENTROPY,LOGp,Pmax,Ptrue,AUC MACRO,F1 bin,P bin
test,0.6612397540983607,0.6493139302626821,0.2834047459140698,0.6394876489092376,0.638046172488097,0.9114379254970342,-0.636453070818744,0.6477013234324795,0.557293857103499,0.6972384476139325,0.7279359239839822,0.7748675639656
train,0.6637972136561469,0.6539028452175644,0.2899119748338174,0.6422535672269979,0.6410097858289208,0.9113261364270986,-0.636627705498751,0.6477159864215821,0.5575696797382914,0.7020959830737679,,
