,F1 NONE,R NONE,P NONE,N TRUE,N PRED
label-0,0.0016059657549919997,0.011895726576897848,0.0055133842732591285,0.0,247.0066125970449
label-1,0.006498587510470145,0.01306318701927051,0.002080379171434574,0.0,247.00661259704492
