,F1 NONE,R NONE,P NONE,N TRUE,N PRED
label-0,0.17411625678801615,0.1810091161093862,0.2354960230448778,0.0,119.33054000455112
label-1,0.040768433571612354,0.11428732257997593,0.035801660492613296,0.0,119.33054000455112
