,OA,AA,KAPPA,F1 MACRO,P MACRO,ENTROPY,LOGp,Pmax,Ptrue,AUC MACRO,F1 bin,P bin
test,0.6917594654788418,0.6396306366940369,0.29044207654860515,0.6302854304699023,0.648754673258811,0.7978503356494823,-0.613410096061141,0.7118584125256124,0.6031521372947661,0.6749390227486876,0.7716660847682306,0.7340982536675486
train,0.7797573919636088,0.8587073093227989,0.5580955599783494,0.7406626984514493,0.71124637912153,0.49366759651306025,-0.38957411561626165,0.8522606263570888,0.7678231093995451,0.9358580022676882,,
