,F1 NONE,R NONE,P NONE,N TRUE,N PRED
label-0,0.4889047761715739,0.4538699690402477,0.5634110928500732,323.0,247.0
label-1,0.7716660847682306,0.8253913043478261,0.7340982536675486,575.0,651.0
