,OA,AA,KAPPA,F1 MACRO,P MACRO,ENTROPY,LOGp,Pmax,Ptrue,AUC MACRO,F1 bin,P bin
test,0.03911418744893016,0.051989515207421726,0.1126433499307305,0.08689533673723779,0.13102238669539695,0.07667081919916559,0.03465804200975992,0.05601055834931928,0.0323673167306223,0.09788392582986213,0.040768433571612354,0.035801660492613296
train,0.20446116787726995,0.12623508709183143,0.19712419279003338,0.20231509316958357,0.21518546101285596,0.18332425578643094,0.13437373309602654,0.10669255895668706,0.10627856822099463,0.027355623639363964,,
