,F1 NONE,R NONE,P NONE,N TRUE,N PRED
label-0,0.1045778704576839,0.16178918708760426,0.13153121242614288,0.0,130.2587595689612
label-1,0.06992754930050578,0.14859600582404597,0.03854381051516088,0.0,130.2587595689612
