,OA,AA,KAPPA,F1 MACRO,P MACRO,ENTROPY,LOGp,Pmax,Ptrue,AUC MACRO,F1 bin,P bin
test,0.06195525589826526,0.05222780927793795,0.11200152274306031,0.06310874757655371,0.06630103957442053,0.0426294767565127,0.0477193806458205,0.020094567537467585,0.026373832774860186,0.04128385674852967,0.06992754930050578,0.03854381051516088
train,0.01669633303966456,0.008542037355369616,0.03142531250310284,0.017196313457387365,0.013991069155422687,0.057921052470938754,0.05620822801529048,0.014739068151529247,0.025650172933971354,0.009081399193048014,,
