,OA,AA,KAPPA,F1 MACRO,P MACRO,ENTROPY,LOGp,Pmax,Ptrue,AUC MACRO,F1 bin,P bin
test,0.6829621380846326,0.6479577332076996,0.30216884854946024,0.6419004475926622,0.6777820521825099,0.7342370395138439,-0.6134749546503823,0.7508257144654789,0.6227800375614699,0.7156101763359806,0.7514903909574204,0.7467564084759846
train,0.8445034116755117,0.8991046603161763,0.6211680300116116,0.804986954550456,0.7799868160053067,0.4422647820029758,-0.36718867584090686,0.8876697368392721,0.7962773782181197,0.944945185495461,,
