,F1 NONE,R NONE,P NONE,N TRUE,N PRED
label-0,0.5323105042279039,0.5232198142414861,0.6088076958890352,323.0,299.7
label-1,0.7514903909574204,0.772695652173913,0.7467564084759846,575.0,598.3
