,F1 NONE,R NONE,P NONE,N TRUE,N PRED
label-0,0.0,0.0,0.0,323.0,13.8
label-1,0.7691353533364338,0.976,0.6346545704824976,575.0,884.2
