,F1 NONE,R NONE,P NONE,N TRUE,N PRED
label-0,0.0,0.0,0.0,0.0,10.04213346079629
label-1,0.008596403523102645,0.017464579931819633,0.004252128120266068,0.0,10.042133460796272
