,OA,AA,KAPPA,F1 MACRO,P MACRO,ENTROPY,LOGp,Pmax,Ptrue,AUC MACRO,F1 bin,P bin
test,0.6249443207126949,0.488,-0.030204404639914008,0.3845676766682169,0.3173272852412488,0.8311304994002893,-0.7383752460970178,0.7155389206447661,0.5403117306603564,0.4114281868353749,0.7691353533364338,0.6346545704824976
train,0.7103108415466263,0.8053296092209695,0.40175822092293234,0.6754654012754571,0.6950755695845494,0.5981613798499185,-0.5156853703991862,0.8189775648423048,0.6837486252231235,0.8520589743404565,,
