,OA,AA,KAPPA,F1 MACRO,P MACRO,ENTROPY,LOGp,Pmax,Ptrue,AUC MACRO,F1 bin,P bin
test,0.011182776682401207,0.008732289965909816,0.021450166888009322,0.004298201761551323,0.002126064060133034,0.03789854423663223,0.02454884077191449,0.02667035289398034,0.007585279979803699,0.008855955079368918,0.008596403523102645,0.004252128120266068
train,0.010471440998937862,0.004882820679336193,0.012239403142795108,0.008718771558875021,0.0035464648377847804,0.03743302950424532,0.03421578777896232,0.016064657829902882,0.01488225121438098,0.00959696360436025,,
