,F1 NONE,R NONE,P NONE,N TRUE,N PRED
label-0,0.7612144637266477,0.671,0.9121557605522785,200.0,147.8
label-1,0.7045684526976852,0.8716981132075471,0.5976949968741329,106.0,158.2
