,OA,AA,KAPPA,F1 MACRO,P MACRO,ENTROPY,LOGp,Pmax,Ptrue,AUC MACRO,F1 bin,P bin
test,0.7405228758169935,0.7713490566037736,0.49312830878968744,0.7328914582121665,0.7549253787132056,0.5499086640528292,-0.5306121347918786,0.8200917756143792,0.7051774476739542,0.8737547169811322,0.7045684526976852,0.5976949968741329
train,0.8782170542635658,0.8720732213561074,0.748201282769847,0.8686433720894637,0.8915671997216371,0.45274439423639334,-0.27932787643760937,0.8592660632883721,0.8145403713221295,0.9509376615873124,,
