,F1 NONE,R NONE,P NONE,N TRUE,N PRED
label-0,0.12042887669933909,0.14709785103045447,0.021716562933103402,0.0,34.028746017970676
label-1,0.045113599624933394,0.04625956112813405,0.07120327533568015,0.0,34.028746017970676
