,OA,AA,KAPPA,F1 MACRO,P MACRO,ENTROPY,LOGp,Pmax,Ptrue,AUC MACRO,F1 bin,P bin
test,0.081447687934754,0.05271941628815418,0.11178792290128614,0.08249278407093709,0.026495178133586504,0.13653097388624857,0.07302658879313802,0.06536395267727628,0.06853627305248806,0.02419895810148163,0.045113599624933394,0.07120327533568015
train,0.08200741938339631,0.09300071174901355,0.18179586194026226,0.10787258949909025,0.044186052912756915,0.1653901166347194,0.11670079614932607,0.07381520728327269,0.08756113184423944,0.039406748450437665,,
