,OA,AA,KAPPA,F1 MACRO,P MACRO,ENTROPY,LOGp,Pmax,Ptrue,AUC MACRO,F1 bin,P bin
test,0.02284986597320592,0.01502973596224542,0.037301513515020965,0.020632638693540005,0.016028077872398506,0.041765255558833,0.05202623599464193,0.016397787324808396,0.020298561555541276,0.013221021129522842,0.01777175748425794,0.03620425032982964
train,0.011050553078493917,0.009563864525737844,0.02164115273159304,0.010816084508112004,0.012405695875818874,0.04220450674124654,0.021614759421587054,0.014523652240780331,0.016624224575456155,0.005995996279553945,,
