,F1 NONE,R NONE,P NONE,N TRUE,N PRED
label-0,0.8157408795983654,0.745,0.9038467253146572,200.0,165.0
label-1,0.7292379868066542,0.8490566037735849,0.6409867964711548,106.0,141.0
