,F1 NONE,R NONE,P NONE,N TRUE,N PRED
label-0,0.024828698566298612,0.046904157598234276,0.01638516961685629,0.0,12.382783747337806
label-1,0.01777175748425794,0.03415968707924596,0.03620425032982964,0.0,12.382783747337806
