,OA,AA,KAPPA,F1 MACRO,P MACRO,ENTROPY,LOGp,Pmax,Ptrue,AUC MACRO,F1 bin,P bin
test,0.7810457516339869,0.7970283018867924,0.5519476294418445,0.7724894332025098,0.7724167608929059,0.543465667531653,-0.4711998635248773,0.828051147513072,0.729600955753889,0.8897358490566039,0.7292379868066542,0.6409867964711548
train,0.900077519379845,0.8989208091685702,0.7981670974852392,0.8990377989410506,0.9000061874914053,0.43473604721906806,-0.2585470247370363,0.8716514290581395,0.8302835866034186,0.9595852683350771,,
