,F1 NONE,R NONE,P NONE,N TRUE,N PRED
label-0,0.7399487433694206,0.646,0.9057456767509853,200.0,143.3
label-1,0.6894306001632963,0.8669811320754718,0.5784456366500587,106.0,162.7
