,OA,AA,KAPPA,F1 MACRO,P MACRO,ENTROPY,LOGp,Pmax,Ptrue,AUC MACRO,F1 bin,P bin
test,0.7225490196078431,0.7564905660377359,0.46301204836919485,0.7146896717663584,0.742095656700522,0.55734185124267,-0.5475677814251871,0.8188947272516339,0.6954668614588464,0.8626415094339622,0.6894306001632963,0.5784456366500587
train,0.8636434108527131,0.8571060789602092,0.7181891011155394,0.8526568312306144,0.8777380087042479,0.47809918475550994,-0.30530997061839743,0.8526266850131783,0.7997420977689768,0.9400117495976248,,
