,F1 NONE,R NONE,P NONE,N TRUE,N PRED
label-0,0.13723648797091276,0.15620143689764476,0.022538761177942176,0.0,35.75549685790362
label-1,0.047928760026494495,0.04757686005230081,0.07098376775994808,0.0,35.75549685790362
