,OA,AA,KAPPA,F1 MACRO,P MACRO,ENTROPY,LOGp,Pmax,Ptrue,AUC MACRO,F1 bin,P bin
test,0.0879517486123261,0.05829507721795211,0.11855202256432872,0.0917895300918684,0.029101114819336308,0.13348763425280918,0.07654226888911657,0.06120165952586718,0.0668782963244208,0.02415689007303859,0.047928760026494495,0.07098376775994808
train,0.08267155049533306,0.09392999028510077,0.18459321357515493,0.11225289818298076,0.04306359190439862,0.15210660415196978,0.11181423284649412,0.06489590853323941,0.08145005335104091,0.04582883715425959,,
