,OA,AA,KAPPA,F1 MACRO,P MACRO,ENTROPY,LOGp,Pmax,Ptrue,AUC MACRO,F1 bin,P bin
test,0.08039132765217129,0.07515189491485465,0.15837890982992908,0.07978334131983777,0.13228070900976088,0.060701468953097325,0.07605133137285468,0.03565702494634845,0.034779229950928324,0.0715301558148201,0.07166069935673863,0.050785006826667416
train,0.013791943245411017,0.007915564753225763,0.024635888635493985,0.013770852035100168,0.010289857852164297,0.045019983107061665,0.04505707933149896,0.011811761488588222,0.02060133287117855,0.00746304604560364,,
