,OA,AA,KAPPA,F1 MACRO,P MACRO,ENTROPY,LOGp,Pmax,Ptrue,AUC MACRO,F1 bin,P bin
test,0.6897550111358575,0.6127602638309328,0.2535154840971505,0.605635277467604,0.7290169231656187,0.7338106072996095,-0.6160063483491827,0.7558094846603564,0.6237913011422049,0.6981542603311348,0.7817977446487754,0.7053932160621053
train,0.8327520849128127,0.8891889403251316,0.5975205038045689,0.7922244035523734,0.7696123304395182,0.4610997892750161,-0.3705432124492328,0.8794194660053071,0.7863484593561031,0.9345818859367213,,
