,F1 NONE,R NONE,P NONE,N TRUE,N PRED
label-0,0.4294728102864326,0.338390092879257,0.7526406302691322,323.0,174.2
label-1,0.7817977446487754,0.8871304347826087,0.7053932160621053,575.0,723.8
