,F1 NONE,R NONE,P NONE,N TRUE,N PRED
label-0,0.1195082483233741,0.14684085742470135,0.24408536724275376,0.0,109.23654252228154
label-1,0.07166069935673863,0.13828596375437596,0.050785006826667416,0.0,109.23654252228158
