,F1 NONE,R NONE,P NONE,N TRUE,N PRED
label-0,0.007881868573749614,0.03353562281626799,0.014818067805151752,0.0,686.897566356634
label-1,0.021870363399458775,0.03716642875447162,0.013523465301160335,0.0,686.897566356634
