,OA,AA,KAPPA,F1 MACRO,P MACRO,ENTROPY,LOGp,Pmax,Ptrue,AUC MACRO,F1 bin,P bin
test,0.015029480098447241,0.007890544810162999,0.017838080629589532,0.01266665924913676,0.00626947700311184,0.02350618861516317,0.013402356936659927,0.011229854223051824,0.010491048507327776,0.008123998542251714,0.021870363399458775,0.013523465301160335
train,0.015662453988728977,0.008677055648155569,0.019006888935856094,0.013245115964302154,0.006997242491169199,0.023298044827169538,0.014941073752512525,0.01129325441071487,0.011064730382890992,0.009271300445850344,,
