,F1 NONE,R NONE,P NONE,N TRUE,N PRED
label-0,0.6245581808991374,0.7895324283559578,0.517436539574615,6630.0,10132.6
label-1,0.7169181286909547,0.6200155159038013,0.8521368044927392,12890.0,9387.4
