,OA,AA,KAPPA,F1 MACRO,P MACRO,ENTROPY,LOGp,Pmax,Ptrue,AUC MACRO,F1 bin,P bin
test,0.677592213114754,0.7047739721298796,0.3632249144174745,0.670738154795046,0.6847866720336772,0.7603484975356755,-0.5581601781673118,0.722118273496875,0.6270675208552572,0.7796655363225435,0.7169181286909547,0.8521368044927392
train,0.6793670581545392,0.7073848533870464,0.3660614132694224,0.6719426600922991,0.6859831879141283,0.7640313677460286,-0.5534613816395736,0.7204712659605669,0.6279169946968219,0.7855254760718429,,
