,OA,AA,KAPPA,F1 MACRO,P MACRO,ENTROPY,LOGp,Pmax,Ptrue,AUC MACRO,F1 bin,P bin
test,0.7617647058823529,0.7811698113207547,0.5167558785421207,0.7540108318971563,0.7556855151644182,0.5210677705357365,-0.5152368791852876,0.8356439078823529,0.7207953795470589,0.8760566037735849,0.7106448580132384,0.6140266944708592
train,0.9112403100775193,0.9085166375758928,0.8199803906277635,0.9099300243818803,0.9123554267626307,0.4153600565316749,-0.23252607645937973,0.8782566395635658,0.8426531923429689,0.9667377145090537,,
