,F1 NONE,R NONE,P NONE,N TRUE,N PRED
label-0,0.01744600634818196,0.026478502810980697,0.01937996076342804,0.0,6.919376979018974
label-1,0.020177045653277752,0.03214630235890074,0.022502184965641756,0.0,6.919376979018974
