,F1 NONE,R NONE,P NONE,N TRUE,N PRED
label-0,0.7973768057810741,0.718,0.8973443358579771,200.0,160.1
label-1,0.7106448580132384,0.8443396226415094,0.6140266944708592,106.0,145.9
