,OA,AA,KAPPA,F1 MACRO,P MACRO,ENTROPY,LOGp,Pmax,Ptrue,AUC MACRO,F1 bin,P bin
test,0.018322038548106573,0.01834840044528025,0.03490754900072096,0.018117550923981804,0.01710590288075914,0.07772013011074173,0.03059089399220041,0.029917511274219346,0.018975345192711903,0.011572352679763776,0.020177045653277752,0.022502184965641756
train,0.018936355380277645,0.020173854846150703,0.03887031471649355,0.01951769663525547,0.017848192660490328,0.08954301322222864,0.044930603175902195,0.031103638172651583,0.035191612439513686,0.012374756712761566,,
