,OA,AA,KAPPA,F1 MACRO,P MACRO,ENTROPY,LOGp,Pmax,Ptrue,AUC MACRO,F1 bin,P bin
test,0.0,0.0,0.0,0.0,0.0,0.004160096089005801,0.00926222314527649,0.021259659672550692,0.00596552273511156,0.12775850805820418,0.0,0.0
train,0.0,0.0,0.0,0.0,0.0,0.004160157408076915,0.028551633959841453,0.021260054644116372,0.012814484293308628,0.15958968660903713,,
