,OA,AA,KAPPA,F1 MACRO,P MACRO,ENTROPY,LOGp,Pmax,Ptrue,AUC MACRO,F1 bin,P bin
test,0.6403118040089086,0.5,0.0,0.39035980991174474,0.3201559020044543,0.9970536475573761,-0.6812686547349678,0.5247468762639198,0.506944870752784,0.45897752052766194,0.7807196198234895,0.6403118040089086
train,0.19863532979529946,0.5,0.0,0.1657179000632511,0.09931766489764973,0.9970539030314383,-0.7251079003642618,0.5247447747263079,0.485086324677028,0.5114698809102529,,
