,F1 NONE,R NONE,P NONE,N TRUE,N PRED
label-0,0.0,0.0,0.0,323.0,0.0
label-1,0.7807196198234895,1.0,0.6403118040089086,575.0,898.0
