,OA,AA,KAPPA,F1 MACRO,P MACRO,ENTROPY,LOGp,Pmax,Ptrue,AUC MACRO,F1 bin,P bin
test,0.07573847697420161,0.06117516867565702,0.1315051993326441,0.06670139204844706,0.09208654961705463,0.06992580587673919,0.15214488652658095,0.03321483902206819,0.04893230297052903,0.07234525360284068,0.07754175155092857,0.03851657893316468
train,0.0176764450896668,0.01169010183228411,0.033686553286653244,0.01844233573327194,0.014487399927861641,0.07182754250245045,0.05537505562643643,0.021348427403698442,0.03125132820835855,0.00610873558517344,,
