,F1 NONE,R NONE,P NONE,N TRUE,N PRED
label-0,0.39604525292431025,0.3263157894736842,0.5775937466421995,323.0,202.5
label-1,0.747525628781872,0.8311304347826087,0.6852688711636237,575.0,695.5
