,OA,AA,KAPPA,F1 MACRO,P MACRO,ENTROPY,LOGp,Pmax,Ptrue,AUC MACRO,F1 bin,P bin
test,0.649554565701559,0.5787231121281464,0.175688777058521,0.5717854408530911,0.6314313089029115,0.680550433368816,-0.7128887757094627,0.7764670076013364,0.6062794391762807,0.6492152375824471,0.747525628781872,0.6852688711636237
train,0.844275966641395,0.8998239652769252,0.6212260888403994,0.804948775901989,0.7799586639516625,0.4739865143579453,-0.379011573709526,0.8777209741592115,0.7871718051061789,0.9430257750944268,,
