,F1 NONE,R NONE,P NONE,N TRUE,N PRED
label-0,0.09269626586194517,0.10697130820502847,0.1553971609076667,0.0,102.14940038982118
label-1,0.07754175155092857,0.13843655474310582,0.03851657893316468,0.0,102.14940038982118
