,OA,AA,KAPPA,F1 MACRO,P MACRO,ENTROPY,LOGp,Pmax,Ptrue,AUC MACRO,F1 bin,P bin
test,0.012962505255462754,0.010464759633046782,0.02393791963492661,0.012511031494190772,0.011208221754364076,0.005748710648296254,0.0077562941624292605,0.005345040621528075,0.005112445742990667,0.005083739651534774,0.01310758426470826,0.021875898103384805
train,0.007947994469178987,0.008139974527759802,0.01606607943201933,0.008029179823054908,0.008033523338790188,0.002709548267586027,0.00467472164954177,0.0028173718974394326,0.002747436996598221,0.007122966151794986,,
