,OA,AA,KAPPA,F1 MACRO,P MACRO,ENTROPY,LOGp,Pmax,Ptrue,AUC MACRO,F1 bin,P bin
test,0.822875816993464,0.8401132075471699,0.6350724144004849,0.8153475326675144,0.8113890865044662,0.9353626222555382,-0.5332182990920009,0.6252350265290849,0.5979271380075882,0.9092075471698113,0.7782018256854293,0.6881387748836636
train,0.8358914728682171,0.834826754125104,0.6688927435837025,0.8344130178355769,0.8343411154568484,0.9295065641539371,-0.515080020719282,0.6340654540098306,0.6085070904610762,0.906140378560383,,
