,F1 NONE,R NONE,P NONE,N TRUE,N PRED
label-0,0.8524932396495997,0.784,0.9346393981252687,200.0,167.8
label-1,0.7782018256854293,0.8962264150943395,0.6881387748836636,106.0,138.2
