,F1 NONE,R NONE,P NONE,N TRUE,N PRED
label-0,0.012403066906373151,0.022827858224351898,0.010130336570664858,0.0,5.78887822562464
label-1,0.01310758426470826,0.01833632671335,0.021875898103384805,0.0,5.78887822562464
