,F1 NONE,R NONE,P NONE,N TRUE,N PRED
label-0,0.015278740317742076,0.03313057166905261,0.010848613711716408,0.0,356.5489525374539
label-1,0.0049784068066446585,0.012349323045313419,0.013750987366982912,0.0,356.5489525374538
