,OA,AA,KAPPA,F1 MACRO,P MACRO,ENTROPY,LOGp,Pmax,Ptrue,AUC MACRO,F1 bin,P bin
test,0.8094159836065573,0.7951238756527854,0.5813132187617555,0.7904889555610073,0.7873234683602452,0.6290744831826274,-0.4260989764323435,0.7948795445775103,0.7234948459980116,0.8875019131600841,0.8533529720628936,0.8677859511704993
train,0.8286070467817073,0.8178164010858481,0.6228813299559133,0.8112368313814029,0.806780777708223,0.6293523988107135,-0.3894126501710121,0.7950687377178445,0.7353237307338844,0.9075133135907482,,
