,OA,AA,KAPPA,F1 MACRO,P MACRO,ENTROPY,LOGp,Pmax,Ptrue,AUC MACRO,F1 bin,P bin
test,0.007253707616594873,0.012486603271910465,0.01914751224918329,0.00951132108248137,0.007768075337133949,0.04632181012353335,0.015278681668974435,0.01910583776961149,0.017036009643944774,0.008988871814782532,0.0049784068066446585,0.013750987366982912
train,0.014177252228058981,0.02059814122733836,0.03438455831542159,0.017100134812981095,0.015145362101285387,0.047805661846078984,0.030710643221131245,0.01997816031426266,0.022383643196300273,0.016110116648712335,,
