,F1 NONE,R NONE,P NONE,N TRUE,N PRED
label-0,0.7276249390591208,0.7505580693815987,0.7068609855499913,6630.0,7042.6
label-1,0.8533529720628936,0.8396896819239721,0.8677859511704993,12890.0,12477.4
