,F1 NONE,R NONE,P NONE,N TRUE,N PRED
label-0,0.7459376468725752,0.8279336349924584,0.6794922388210749,6630.0,8090.9
label-1,0.8459233002987976,0.7981613653995345,0.9004048635192557,12890.0,11429.1
