,F1 NONE,R NONE,P NONE,N TRUE,N PRED
label-0,0.013536874553953067,0.021932759832092974,0.024099438233037635,0.0,437.5767742160607
label-1,0.013582054459358273,0.025916437933666315,0.009992026117195334,0.0,437.57677421606076
