,OA,AA,KAPPA,F1 MACRO,P MACRO,ENTROPY,LOGp,Pmax,Ptrue,AUC MACRO,F1 bin,P bin
test,0.013937172638983015,0.010787604989184317,0.02494596334933252,0.013103992267922946,0.011924409605286823,0.037548522733738036,0.024295890345645728,0.013641508948388366,0.01641607034100786,0.010570625175498418,0.013582054459358273,0.009992026117195334
train,0.01606241692467312,0.013230832868547177,0.029527413654394204,0.015434687138274186,0.014025726078972527,0.037540431907326116,0.02896169591040366,0.013725292919688062,0.018185712284624986,0.012559233456433689,,
