,OA,AA,KAPPA,F1 MACRO,P MACRO,ENTROPY,LOGp,Pmax,Ptrue,AUC MACRO,F1 bin,P bin
test,0.8082735655737705,0.8130475001959965,0.5945160323213916,0.7959304735856864,0.7899485511701654,0.5384258888904159,-0.395197432392007,0.8253747620923155,0.74992536770919,0.896942072789013,0.8459233002987976,0.9004048635192557
train,0.812168930297662,0.8193235816842706,0.6028175278150322,0.7998842003525223,0.7935904999171484,0.5414329605273787,-0.3850954797847906,0.8244287727973667,0.7524666156846582,0.9029413241635158,,
